longname,id,memory.text,memory.value.gib,vcpu.text,vcpu.value.count,processorName,clockSpeed.text,clockSpeed.value.ghz,storage.text,storage.sum.gib,storage.count,storage.type,network_performance.text,network_performance.value.Gib,network_performance.is_guaranteed,is.vpc.only,cost.ondemand.text,cost.ondemand.value.usdph,cost.reserved.text,cost.reserved.value.usdph,region.name,join.entry
Z1D Extra Large,z1d.xlarge,32.0 GiB,32.0,4 vCPUs,4,Intel Xeon Platinum 8151,4 GHz,4,150 GiB               NVMe SSD,150,1,NVMe,Up to 10 Gigabit,10 ,0,Yes,$0.450000 hourly,0.450000 ,$0.284000 hourly,0.284000 ,eu-central-1,101
Z1D Metal,z1d.metal,384.0 GiB,384.0,48 vCPUs,48,Intel Xeon Platinum 8151,4 GHz,4,1800 GiB               (2 * 900 GiB NVMe SSD),1800,2,NVMe,25 Gigabit,25,1,Yes,$5.400000 hourly,5.400000 ,$3.402000 hourly,3.402000 ,eu-central-1,101
Z1D Large,z1d.large,16.0 GiB,16.0,2 vCPUs,2,Intel Xeon Platinum 8151,4 GHz,4,75 GiB               NVMe SSD,75,1,NVMe,Up to 10 Gigabit,10 ,0,Yes,$0.225000 hourly,0.225000 ,$0.142000 hourly,0.142000 ,eu-central-1,101
Z1D 6xlarge,z1d.6xlarge,192.0 GiB,192.0,24 vCPUs,24,Intel Xeon Platinum 8151,4 GHz,4,900 GiB               NVMe SSD,900,1,NVMe,10 Gigabit,10,1,Yes,$2.700000 hourly,2.700000 ,$1.701000 hourly,1.701000 ,eu-central-1,101
Z1D 3xlarge,z1d.3xlarge,96.0 GiB,96.0,12 vCPUs,12,Intel Xeon Platinum 8151,4 GHz,4,450 GiB               NVMe SSD,450,1,NVMe,Up to 10 Gigabit,10 ,0,Yes,$1.350000 hourly,1.350000 ,$0.851000 hourly,0.851000 ,eu-central-1,101
Z1D Double Extra Large,z1d.2xlarge,64.0 GiB,64.0,8 vCPUs,8,Intel Xeon Platinum 8151,4 GHz,4,300 GiB               NVMe SSD,300,1,NVMe,Up to 10 Gigabit,10 ,0,Yes,$0.900000 hourly,0.900000 ,$0.567000 hourly,0.567000 ,eu-central-1,101
Z1D 12xlarge,z1d.12xlarge,384.0 GiB,384.0,48 vCPUs,48,Intel Xeon Platinum 8151,4 GHz,4,1800 GiB               (2 * 900 GiB NVMe SSD),1800,2,NVMe,25 Gigabit,25,1,Yes,$5.400000 hourly,5.400000 ,$3.402000 hourly,3.402000 ,eu-central-1,101
X1E Extra Large,x1e.xlarge,122.0 GiB,122.0,4 vCPUs,4,High Frequency Intel Xeon E7-8880 v3 (Haswell),2.3 GHz,2.3,120 GiB               SSD,120,1,SSD,Up to 10 Gigabit,10 ,0,Yes,$1.167000 hourly,1.167000 ,$0.719000 hourly,0.719000 ,eu-central-1,101
X1E Eight Extra Large,x1e.8xlarge,976.0 GiB,976.0,32 vCPUs,32,High Frequency Intel Xeon E7-8880 v3 (Haswell),2.3 GHz,2.3,960 GiB               SSD,960,1,SSD,Up to 10 Gigabit,10 ,0,Yes,$9.336000 hourly,9.336000 ,$5.753000 hourly,5.753000 ,eu-central-1,101
X1E Quadruple Extra Large,x1e.4xlarge,488.0 GiB,488.0,16 vCPUs,16,High Frequency Intel Xeon E7-8880 v3 (Haswell),2.3 GHz,2.3,480 GiB               SSD,480,1,SSD,Up to 10 Gigabit,10 ,0,Yes,$4.668000 hourly,4.668000 ,$2.877000 hourly,2.877000 ,eu-central-1,101
X1E 32xlarge,x1e.32xlarge,3904.0 GiB,3904.0,128 vCPUs,128,High Frequency Intel Xeon E7-8880 v3 (Haswell),2.3 GHz,2.3,3840 GiB               (2 * 1920 GiB SSD),3840,2,SSD,25 Gigabit,25,1,Yes,$37.344000 hourly,37.344000 ,$23.013000 hourly,23.013000 ,eu-central-1,101
X1E Double Extra Large,x1e.2xlarge,244.0 GiB,244.0,8 vCPUs,8,High Frequency Intel Xeon E7-8880 v3 (Haswell),2.3 GHz,2.3,240 GiB               SSD,240,1,SSD,Up to 10 Gigabit,10 ,0,Yes,$2.334000 hourly,2.334000 ,$1.438000 hourly,1.438000 ,eu-central-1,101
X1E 16xlarge,x1e.16xlarge,1952.0 GiB,1952.0,64 vCPUs,64,High Frequency Intel Xeon E7-8880 v3 (Haswell),2.3 GHz,2.3,1920 GiB               SSD,1920,1,SSD,10 Gigabit,10,1,Yes,$18.672000 hourly,18.672000 ,$11.506000 hourly,11.506000 ,eu-central-1,101
X1 Extra High-Memory 32xlarge,x1.32xlarge,1952.0 GiB,1952.0,128 vCPUs,128,High Frequency Intel Xeon E7-8880 v3 (Haswell),2.3 GHz,2.3,3840 GiB               (2 * 1920 GiB SSD),3840,2,SSD,25 Gigabit,25,1,Yes,$18.674000 hourly,18.674000 ,$11.508000 hourly,11.508000 ,eu-central-1,101
X1 Extra High-Memory 16xlarge,x1.16xlarge,976.0 GiB,976.0,64 vCPUs,64,High Frequency Intel Xeon E7-8880 v3 (Haswell),2.3 GHz,2.3,1920 GiB               SSD,1920,1,SSD,10 Gigabit,10,1,Yes,$9.337000 hourly,9.337000 ,$5.754000 hourly,5.754000 ,eu-central-1,101
U-9TB1 Metal,u-9tb1.metal,9216.0 GiB,9216.0,448 vCPUs,448,Intel Xeon Scalable (Skylake),unknown,,EBS only,0,1,EBS,25 Gigabit,25,1,Yes,unavailable,,unavailable,,eu-central-1,101
U-6TB1 Metal,u-6tb1.metal,6144.0 GiB,6144.0,448 vCPUs,448,Intel Xeon Scalable (Skylake),unknown,,EBS only,0,1,EBS,25 Gigabit,25,1,Yes,unavailable,,unavailable,,eu-central-1,101
U-24TB1 Metal,u-24tb1.metal,24576.0 GiB,24576.0,448 vCPUs,448,Intel Xeon Platinum 8280L (Cascade Lake),unknown,,EBS only,0,1,EBS,100 Gigabit,100,1,Yes,unavailable,,unavailable,,eu-central-1,101
U-18TB1 Metal,u-18tb1.metal,18432.0 GiB,18432.0,448 vCPUs,448,Intel Xeon Platinum 8280L (Cascade Lake),unknown,,EBS only,0,1,EBS,100 Gigabit,100,1,Yes,unavailable,,unavailable,,eu-central-1,101
U-12TB1 Metal,u-12tb1.metal,12288.0 GiB,12288.0,448 vCPUs,448,Intel Xeon Scalable (Skylake),unknown,,EBS only,0,1,EBS,25 Gigabit,25,1,Yes,unavailable,,unavailable,,eu-central-1,101
T1 Micro,t1.micro,0.613 GiB,0.613,1 vCPUs,1,Variable,unknown,,EBS only,0,1,EBS,Very Low,,1,No,unavailable,,unavailable,,eu-central-1,101
R5N Extra Large,r5n.xlarge,32.0 GiB,32.0,4 vCPUs,4,Intel Xeon Platinum 8259 (Cascade Lake),2.5 GHz,2.5,EBS only,0,1,EBS,Up to 25 Gigabit,25 ,0,Yes,$0.356000 hourly,0.356000 ,$0.224000 hourly,0.224000 ,eu-central-1,101
R5N Metal,r5n.metal,768.0 GiB,768.0,96 vCPUs,96,Intel Xeon Platinum 8259 (Cascade Lake),2.5 GHz,2.5,EBS only,0,1,EBS,100 Gigabit,100,1,Yes,unavailable,,unavailable,,eu-central-1,101
R5N Large,r5n.large,16.0 GiB,16.0,2 vCPUs,2,Intel Xeon Platinum 8259 (Cascade Lake),2.5 GHz,2.5,EBS only,0,1,EBS,Up to 25 Gigabit,25 ,0,Yes,$0.178000 hourly,0.178000 ,$0.112000 hourly,0.112000 ,eu-central-1,101
R5N Eight Extra Large,r5n.8xlarge,256.0 GiB,256.0,32 vCPUs,32,Intel Xeon Platinum 8259 (Cascade Lake),2.5 GHz,2.5,EBS only,0,1,EBS,25 Gigabit,25,1,Yes,$2.848000 hourly,2.848000 ,$1.794000 hourly,1.794000 ,eu-central-1,101
R5N Quadruple Extra Large,r5n.4xlarge,128.0 GiB,128.0,16 vCPUs,16,Intel Xeon Platinum 8259 (Cascade Lake),2.5 GHz,2.5,EBS only,0,1,EBS,Up to 25 Gigabit,25 ,0,Yes,$1.424000 hourly,1.424000 ,$0.897000 hourly,0.897000 ,eu-central-1,101
R5N Double Extra Large,r5n.2xlarge,64.0 GiB,64.0,8 vCPUs,8,Intel Xeon Platinum 8259 (Cascade Lake),2.5 GHz,2.5,EBS only,0,1,EBS,Up to 25 Gigabit,25 ,0,Yes,$0.712000 hourly,0.712000 ,$0.449000 hourly,0.449000 ,eu-central-1,101
R5N 24xlarge,r5n.24xlarge,768.0 GiB,768.0,96 vCPUs,96,Intel Xeon Platinum 8259 (Cascade Lake),2.5 GHz,2.5,EBS only,0,1,EBS,100 Gigabit,100,1,Yes,$8.544000 hourly,8.544000 ,$5.383000 hourly,5.383000 ,eu-central-1,101
R5N 16xlarge,r5n.16xlarge,512.0 GiB,512.0,64 vCPUs,64,Intel Xeon Platinum 8259 (Cascade Lake),2.5 GHz,2.5,EBS only,0,1,EBS,75 Gigabit,75,1,Yes,$5.696000 hourly,5.696000 ,$3.588000 hourly,3.588000 ,eu-central-1,101
R5N 12xlarge,r5n.12xlarge,384.0 GiB,384.0,48 vCPUs,48,Intel Xeon Platinum 8259 (Cascade Lake),2.5 GHz,2.5,EBS only,0,1,EBS,50 Gigabit,50,1,Yes,$4.272000 hourly,4.272000 ,$2.691000 hourly,2.691000 ,eu-central-1,101
R5DN Extra Large,r5dn.xlarge,32.0 GiB,32.0,4 vCPUs,4,Intel Xeon Platinum 8259 (Cascade Lake),3.1 GHz,3.1,150 GiB               NVMe SSD,150,1,NVMe,Up to 25 Gigabit,25 ,0,Yes,$0.398000 hourly,0.398000 ,$0.251000 hourly,0.251000 ,eu-central-1,101
R5DN Metal,r5dn.metal,768.0 GiB,768.0,96 vCPUs,96,Intel Xeon Platinum 8259 (Cascade Lake),3.1 GHz,3.1,EBS only,0,1,EBS,100 Gigabit,100,1,Yes,unavailable,,unavailable,,eu-central-1,101
R5DN Large,r5dn.large,16.0 GiB,16.0,2 vCPUs,2,Intel Xeon Platinum 8259 (Cascade Lake),3.1 GHz,3.1,75 GiB               NVMe SSD,75,1,NVMe,Up to 25 Gigabit,25 ,0,Yes,$0.199000 hourly,0.199000 ,$0.125000 hourly,0.125000 ,eu-central-1,101
R5DN Eight Extra Large,r5dn.8xlarge,256.0 GiB,256.0,32 vCPUs,32,Intel Xeon Platinum 8259 (Cascade Lake),3.1 GHz,3.1,1200 GiB               (2 * 600 GiB NVMe SSD),1200,2,NVMe,25 Gigabit,25,1,Yes,$3.184000 hourly,3.184000 ,$2.006000 hourly,2.006000 ,eu-central-1,101
R5DN Quadruple Extra Large,r5dn.4xlarge,128.0 GiB,128.0,16 vCPUs,16,Intel Xeon Platinum 8259 (Cascade Lake),3.1 GHz,3.1,600 GiB               (2 * 300 GiB NVMe SSD),600,2,NVMe,Up to 25 Gigabit,25 ,0,Yes,$1.592000 hourly,1.592000 ,$1.003000 hourly,1.003000 ,eu-central-1,101
R5DN Double Extra Large,r5dn.2xlarge,64.0 GiB,64.0,8 vCPUs,8,Intel Xeon Platinum 8259 (Cascade Lake),3.1 GHz,3.1,300 GiB               NVMe SSD,300,1,NVMe,Up to 25 Gigabit,25 ,0,Yes,$0.796000 hourly,0.796000 ,$0.501000 hourly,0.501000 ,eu-central-1,101
R5DN 24xlarge,r5dn.24xlarge,768.0 GiB,768.0,96 vCPUs,96,Intel Xeon Platinum 8259 (Cascade Lake),3.1 GHz,3.1,3600 GiB               (4 * 900 GiB NVMe SSD),3600,4,NVMe,100 Gigabit,100,1,Yes,$9.552000 hourly,9.552000 ,$6.018000 hourly,6.018000 ,eu-central-1,101
R5DN 16xlarge,r5dn.16xlarge,512.0 GiB,512.0,64 vCPUs,64,Intel Xeon Platinum 8259 (Cascade Lake),3.1 GHz,3.1,2400 GiB               (4 * 600 GiB NVMe SSD),2400,4,NVMe,75 Gigabit,75,1,Yes,$6.368000 hourly,6.368000 ,$4.012000 hourly,4.012000 ,eu-central-1,101
R5DN 12xlarge,r5dn.12xlarge,384.0 GiB,384.0,48 vCPUs,48,Intel Xeon Platinum 8259 (Cascade Lake),3.1 GHz,3.1,1800 GiB               (2 * 900 GiB NVMe SSD),1800,2,NVMe,50 Gigabit,50,1,Yes,$4.776000 hourly,4.776000 ,$3.009000 hourly,3.009000 ,eu-central-1,101
R5D Extra Large,r5d.xlarge,32.0 GiB,32.0,4 vCPUs,4,Intel Xeon Platinum 8175 (Skylake),3.1 GHz,3.1,150 GiB               NVMe SSD,150,1,NVMe,Up to 10 Gigabit,10 ,0,Yes,$0.346000 hourly,0.346000 ,$0.218000 hourly,0.218000 ,eu-central-1,101
R5D Metal,r5d.metal,768.0 GiB,768.0,96 vCPUs,96,Intel Xeon Platinum 8175 (Skylake),3.1 GHz,3.1,3600 GiB               (4 * 900 GiB NVMe SSD),3600,4,NVMe,25 Gigabit,25,1,Yes,$8.304000 hourly,8.304000 ,$5.232000 hourly,5.232000 ,eu-central-1,101
R5D Large,r5d.large,16.0 GiB,16.0,2 vCPUs,2,Intel Xeon Platinum 8175 (Skylake),3.1 GHz,3.1,75 GiB               NVMe SSD,75,1,NVMe,Up to 10 Gigabit,10 ,0,Yes,$0.173000 hourly,0.173000 ,$0.109000 hourly,0.109000 ,eu-central-1,101
R5D Eight Extra Large,r5d.8xlarge,256.0 GiB,256.0,32 vCPUs,32,Intel Xeon Platinum 8175 (Skylake),3.1 GHz,3.1,1200 GiB               (2 * 600 GiB NVMe SSD),1200,2,NVMe,10 Gigabit,10,1,Yes,$2.768000 hourly,2.768000 ,$1.744000 hourly,1.744000 ,eu-central-1,101
R5D Quadruple Extra Large,r5d.4xlarge,128.0 GiB,128.0,16 vCPUs,16,Intel Xeon Platinum 8175 (Skylake),3.1 GHz,3.1,600 GiB               (2 * 300 GiB NVMe SSD),600,2,NVMe,Up to 10 Gigabit,10 ,0,Yes,$1.384000 hourly,1.384000 ,$0.872000 hourly,0.872000 ,eu-central-1,101
R5D Double Extra Large,r5d.2xlarge,64.0 GiB,64.0,8 vCPUs,8,Intel Xeon Platinum 8175 (Skylake),3.1 GHz,3.1,300 GiB               NVMe SSD,300,1,NVMe,Up to 10 Gigabit,10 ,0,Yes,$0.692000 hourly,0.692000 ,$0.436000 hourly,0.436000 ,eu-central-1,101
R5D 24xlarge,r5d.24xlarge,768.0 GiB,768.0,96 vCPUs,96,Intel Xeon Platinum 8175 (Skylake),3.1 GHz,3.1,3600 GiB               (4 * 900 GiB NVMe SSD),3600,4,NVMe,25 Gigabit,25,1,Yes,$8.304000 hourly,8.304000 ,$5.232000 hourly,5.232000 ,eu-central-1,101
R5D 16xlarge,r5d.16xlarge,512.0 GiB,512.0,64 vCPUs,64,Intel Xeon Platinum 8175 (Skylake),3.1 GHz,3.1,2400 GiB               (4 * 600 GiB NVMe SSD),2400,4,NVMe,20 Gigabit,20,1,Yes,$5.536000 hourly,5.536000 ,$3.488000 hourly,3.488000 ,eu-central-1,101
R5D 12xlarge,r5d.12xlarge,384.0 GiB,384.0,48 vCPUs,48,Intel Xeon Platinum 8175 (Skylake),3.1 GHz,3.1,1800 GiB               (2 * 900 GiB NVMe SSD),1800,2,NVMe,10 Gigabit,10,1,Yes,$4.152000 hourly,4.152000 ,$2.616000 hourly,2.616000 ,eu-central-1,101
R5AD Extra Large,r5ad.xlarge,32.0 GiB,32.0,4 vCPUs,4,AMD EPYC 7571,2.5 GHz,2.5,150 GiB               NVMe SSD,150,1,NVMe,Up to 10 Gigabit,10 ,0,Yes,$0.316000 hourly,0.316000 ,$0.199000 hourly,0.199000 ,eu-central-1,101
R5AD Large,r5ad.large,16.0 GiB,16.0,2 vCPUs,2,AMD EPYC 7571,2.5 GHz,2.5,75 GiB               NVMe SSD,75,1,NVMe,Up to 10 Gigabit,10 ,0,Yes,$0.158000 hourly,0.158000 ,$0.100000 hourly,0.100000 ,eu-central-1,101
R5AD Quadruple Extra Large,r5ad.4xlarge,128.0 GiB,128.0,16 vCPUs,16,AMD EPYC 7571,2.5 GHz,2.5,600 GiB               (2 * 300 GiB NVMe SSD),600,2,NVMe,Up to 10 Gigabit,10 ,0,Yes,$1.264000 hourly,1.264000 ,$0.796000 hourly,0.796000 ,eu-central-1,101
R5AD Double Extra Large,r5ad.2xlarge,64.0 GiB,64.0,8 vCPUs,8,AMD EPYC 7571,2.5 GHz,2.5,300 GiB               NVMe SSD,300,1,NVMe,Up to 10 Gigabit,10 ,0,Yes,$0.632000 hourly,0.632000 ,$0.398000 hourly,0.398000 ,eu-central-1,101
R5AD 24xlarge,r5ad.24xlarge,768.0 GiB,768.0,96 vCPUs,96,AMD EPYC 7571,2.5 GHz,2.5,3600 GiB               (4 * 900 GiB NVMe SSD),3600,4,NVMe,20 Gigabit,20,1,Yes,$7.584000 hourly,7.584000 ,$4.778000 hourly,4.778000 ,eu-central-1,101
R5AD 12xlarge,r5ad.12xlarge,384.0 GiB,384.0,48 vCPUs,48,AMD EPYC 7571,2.5 GHz,2.5,1800 GiB               (2 * 900 GiB NVMe SSD),1800,2,NVMe,10 Gigabit,10,1,Yes,$3.792000 hourly,3.792000 ,$2.389000 hourly,2.389000 ,eu-central-1,101
R5A Extra Large,r5a.xlarge,32.0 GiB,32.0,4 vCPUs,4,AMD EPYC 7571,2.5 GHz,2.5,EBS only,0,1,EBS,Up to 10 Gigabit,10 ,0,Yes,$0.274000 hourly,0.274000 ,$0.172000 hourly,0.172000 ,eu-central-1,101
R5A Large,r5a.large,16.0 GiB,16.0,2 vCPUs,2,AMD EPYC 7571,2.5 GHz,2.5,EBS only,0,1,EBS,Up to 10 Gigabit,10 ,0,Yes,$0.137000 hourly,0.137000 ,$0.086000 hourly,0.086000 ,eu-central-1,101
R5A Eight Extra Large,r5a.8xlarge,256.0 GiB,256.0,32 vCPUs,32,AMD EPYC 7571,2.5 GHz,2.5,EBS only,0,1,EBS,Up to 10 Gigabit,10 ,0,Yes,$2.192000 hourly,2.192000 ,$1.379000 hourly,1.379000 ,eu-central-1,101
R5A Quadruple Extra Large,r5a.4xlarge,128.0 GiB,128.0,16 vCPUs,16,AMD EPYC 7571,2.5 GHz,2.5,EBS only,0,1,EBS,Up to 10 Gigabit,10 ,0,Yes,$1.096000 hourly,1.096000 ,$0.689000 hourly,0.689000 ,eu-central-1,101
R5A Double Extra Large,r5a.2xlarge,64.0 GiB,64.0,8 vCPUs,8,AMD EPYC 7571,2.5 GHz,2.5,EBS only,0,1,EBS,Up to 10 Gigabit,10 ,0,Yes,$0.548000 hourly,0.548000 ,$0.345000 hourly,0.345000 ,eu-central-1,101
R5A 24xlarge,r5a.24xlarge,768.0 GiB,768.0,96 vCPUs,96,AMD EPYC 7571,2.5 GHz,2.5,EBS only,0,1,EBS,20 Gigabit,20,1,Yes,$6.576000 hourly,6.576000 ,$4.136000 hourly,4.136000 ,eu-central-1,101
R5A 16xlarge,r5a.16xlarge,512.0 GiB,512.0,64 vCPUs,64,AMD EPYC 7571,2.5 GHz,2.5,EBS only,0,1,EBS,12 Gigabit,12,1,Yes,$4.384000 hourly,4.384000 ,$2.757000 hourly,2.757000 ,eu-central-1,101
R5A 12xlarge,r5a.12xlarge,384.0 GiB,384.0,48 vCPUs,48,AMD EPYC 7571,2.5 GHz,2.5,EBS only,0,1,EBS,10 Gigabit,10,1,Yes,$3.288000 hourly,3.288000 ,$2.068000 hourly,2.068000 ,eu-central-1,101
R5 Extra Large,r5.xlarge,32.0 GiB,32.0,4 vCPUs,4,Intel Xeon Platinum 8175 (Skylake),3.1 GHz,3.1,EBS only,0,1,EBS,Up to 10 Gigabit,10 ,0,Yes,$0.304000 hourly,0.304000 ,$0.192000 hourly,0.192000 ,eu-central-1,101
R5 Metal,r5.metal,768.0 GiB,768.0,96 vCPUs,96,Intel Xeon Platinum 8175 (Skylake),3.1 GHz,3.1,EBS only,0,1,EBS,25 Gigabit,25,1,Yes,$7.296000 hourly,7.296000 ,$4.596000 hourly,4.596000 ,eu-central-1,101
R5 Large,r5.large,16.0 GiB,16.0,2 vCPUs,2,Intel Xeon Platinum 8175 (Skylake),3.1 GHz,3.1,EBS only,0,1,EBS,Up to 10 Gigabit,10 ,0,Yes,$0.152000 hourly,0.152000 ,$0.096000 hourly,0.096000 ,eu-central-1,101
R5 Eight Extra Large,r5.8xlarge,256.0 GiB,256.0,32 vCPUs,32,Intel Xeon Platinum 8175 (Skylake),3.1 GHz,3.1,EBS only,0,1,EBS,10 Gigabit,10,1,Yes,$2.432000 hourly,2.432000 ,$1.532000 hourly,1.532000 ,eu-central-1,101
R5 Quadruple Extra Large,r5.4xlarge,128.0 GiB,128.0,16 vCPUs,16,Intel Xeon Platinum 8175 (Skylake),3.1 GHz,3.1,EBS only,0,1,EBS,Up to 10 Gigabit,10 ,0,Yes,$1.216000 hourly,1.216000 ,$0.766000 hourly,0.766000 ,eu-central-1,101
R5 Double Extra Large,r5.2xlarge,64.0 GiB,64.0,8 vCPUs,8,Intel Xeon Platinum 8175 (Skylake),3.1 GHz,3.1,EBS only,0,1,EBS,Up to 10 Gigabit,10 ,0,Yes,$0.608000 hourly,0.608000 ,$0.383000 hourly,0.383000 ,eu-central-1,101
R5 24xlarge,r5.24xlarge,768.0 GiB,768.0,96 vCPUs,96,Intel Xeon Platinum 8175 (Skylake),3.1 GHz,3.1,EBS only,0,1,EBS,25 Gigabit,25,1,Yes,$7.296000 hourly,7.296000 ,$4.596000 hourly,4.596000 ,eu-central-1,101
R5 16xlarge,r5.16xlarge,512.0 GiB,512.0,64 vCPUs,64,Intel Xeon Platinum 8175 (Skylake),3.1 GHz,3.1,EBS only,0,1,EBS,20 Gigabit,20,1,Yes,$4.864000 hourly,4.864000 ,$3.064000 hourly,3.064000 ,eu-central-1,101
R5 12xlarge,r5.12xlarge,384.0 GiB,384.0,48 vCPUs,48,Intel Xeon Platinum 8175 (Skylake),3.1 GHz,3.1,EBS only,0,1,EBS,10 Gigabit,10,1,Yes,$3.648000 hourly,3.648000 ,$2.298000 hourly,2.298000 ,eu-central-1,101
R4 High-Memory Extra Large,r4.xlarge,30.5 GiB,30.5,4 vCPUs,4,Intel Xeon E5-2686 v4 (Broadwell),2.3 GHz,2.3,EBS only,0,1,EBS,Up to 10 Gigabit,10 ,0,Yes,$0.320100 hourly,0.320100 ,$0.201600 hourly,0.201600 ,eu-central-1,101
R4 High-Memory Large,r4.large,15.25 GiB,15.25,2 vCPUs,2,Intel Xeon E5-2686 v4 (Broadwell),2.3 GHz,2.3,EBS only,0,1,EBS,Up to 10 Gigabit,10 ,0,Yes,$0.160050 hourly,0.160050 ,$0.100800 hourly,0.100800 ,eu-central-1,101
R4 High-Memory Eight Extra Large,r4.8xlarge,244.0 GiB,244.0,32 vCPUs,32,Intel Xeon E5-2686 v4 (Broadwell),2.3 GHz,2.3,EBS only,0,1,EBS,10 Gigabit,10,1,Yes,$2.560800 hourly,2.560800 ,$1.612800 hourly,1.612800 ,eu-central-1,101
R4 High-Memory Quadruple Extra Large,r4.4xlarge,122.0 GiB,122.0,16 vCPUs,16,Intel Xeon E5-2686 v4 (Broadwell),2.3 GHz,2.3,EBS only,0,1,EBS,Up to 10 Gigabit,10 ,0,Yes,$1.280400 hourly,1.280400 ,$0.806400 hourly,0.806400 ,eu-central-1,101
R4 High-Memory Double Extra Large,r4.2xlarge,61.0 GiB,61.0,8 vCPUs,8,Intel Xeon E5-2686 v4 (Broadwell),2.3 GHz,2.3,EBS only,0,1,EBS,Up to 10 Gigabit,10 ,0,Yes,$0.640200 hourly,0.640200 ,$0.403200 hourly,0.403200 ,eu-central-1,101
R4 High-Memory 16xlarge,r4.16xlarge,488.0 GiB,488.0,64 vCPUs,64,Intel Xeon E5-2686 v4 (Broadwell),2.3 GHz,2.3,EBS only,0,1,EBS,25 Gigabit,25,1,Yes,$5.121600 hourly,5.121600 ,$3.225600 hourly,3.225600 ,eu-central-1,101
R3 High-Memory Extra Large,r3.xlarge,30.5 GiB,30.5,4 vCPUs,4,Intel Xeon E5-2670 v2 (Ivy Bridge),2.5 GHz,2.5,80 GiB               SSD,80,1,SSD,Moderate,,1,No,$0.400000 hourly,0.400000 ,$0.293000 hourly,0.293000 ,eu-central-1,101
R3 High-Memory Large,r3.large,15.25 GiB,15.25,2 vCPUs,2,Intel Xeon E5-2670 v2 (Ivy Bridge),2.5 GHz,2.5,32 GiB               SSD,32,1,SSD,Moderate,,1,No,$0.200000 hourly,0.200000 ,$0.146000 hourly,0.146000 ,eu-central-1,101
R3 High-Memory Eight Extra Large,r3.8xlarge,244.0 GiB,244.0,32 vCPUs,32,Intel Xeon E5-2670 v2 (Ivy Bridge),2.5 GHz,2.5,640 GiB               (2 * 320 GiB SSD),640,2,SSD,10 Gigabit,10,1,No,$3.201000 hourly,3.201000 ,$2.341000 hourly,2.341000 ,eu-central-1,101
R3 High-Memory Quadruple Extra Large,r3.4xlarge,122.0 GiB,122.0,16 vCPUs,16,Intel Xeon E5-2670 v2 (Ivy Bridge),2.5 GHz,2.5,320 GiB               SSD,320,1,SSD,High,,1,No,$1.600000 hourly,1.600000 ,$1.170000 hourly,1.170000 ,eu-central-1,101
R3 High-Memory Double Extra Large,r3.2xlarge,61.0 GiB,61.0,8 vCPUs,8,Intel Xeon E5-2670 v2 (Ivy Bridge),2.5 GHz,2.5,160 GiB               SSD,160,1,SSD,High,,1,No,$0.800000 hourly,0.800000 ,$0.585000 hourly,0.585000 ,eu-central-1,101
P3DN 24xlarge,p3dn.24xlarge,768.0 GiB,768.0,96 vCPUs,96,Intel Xeon Platinum 8175 (Skylake),2.5 GHz,2.5,1800 GiB               (2 * 900 GiB NVMe SSD),1800,2,NVMe,100 Gigabit,100,1,Yes,unavailable,,unavailable,,eu-central-1,101
P3 Eight Extra Large,p3.8xlarge,244.0 GiB,244.0,32 vCPUs,32,Intel Xeon E5-2686 v4 (Broadwell),2.3 GHz,2.3,EBS only,0,1,EBS,10 Gigabit,10,1,Yes,$15.292000 hourly,15.292000 ,$10.437000 hourly,10.437000 ,eu-central-1,101
P3 Double Extra Large,p3.2xlarge,61.0 GiB,61.0,8 vCPUs,8,Intel Xeon E5-2686 v4 (Broadwell),2.3 GHz,2.3,EBS only,0,1,EBS,Up to 10 Gigabit,10 ,0,Yes,$3.823000 hourly,3.823000 ,$2.609000 hourly,2.609000 ,eu-central-1,101
P3 16xlarge,p3.16xlarge,488.0 GiB,488.0,64 vCPUs,64,Intel Xeon E5-2686 v4 (Broadwell),2.3 GHz,2.3,EBS only,0,1,EBS,25 Gigabit,25,1,Yes,$30.584000 hourly,30.584000 ,$20.874000 hourly,20.874000 ,eu-central-1,101
General Purpose GPU Extra Large,p2.xlarge,61.0 GiB,61.0,4 vCPUs,4,Intel Xeon E5-2686 v4 (Broadwell),2.3 GHz,2.3,EBS only,0,1,EBS,High,,1,Yes,$1.326000 hourly,1.326000 ,$0.873000 hourly,0.873000 ,eu-central-1,101
General Purpose GPU Eight Extra Large,p2.8xlarge,488.0 GiB,488.0,32 vCPUs,32,Intel Xeon E5-2686 v4 (Broadwell),2.3 GHz,2.3,EBS only,0,1,EBS,10 Gigabit,10,1,Yes,$10.608000 hourly,10.608000 ,$6.983000 hourly,6.983000 ,eu-central-1,101
General Purpose GPU 16xlarge,p2.16xlarge,732.0 GiB,732.0,64 vCPUs,64,Intel Xeon E5-2686 v4 (Broadwell),2.3 GHz,2.3,EBS only,0,1,EBS,25 Gigabit,25,1,Yes,$21.216000 hourly,21.216000 ,$13.966000 hourly,13.966000 ,eu-central-1,101
M6G Extra Large,m6g.xlarge,16.0 GiB,16.0,4 vCPUs,4,AWS Graviton2 Processor,unknown,,EBS only,0,1,EBS,Up to 10 Gigabit,10 ,0,Yes,unavailable,,unavailable,,eu-central-1,101
M6G Medium,m6g.medium,4.0 GiB,4.0,1 vCPUs,1,AWS Graviton2 Processor,unknown,,EBS only,0,1,EBS,Up to 10 Gigabit,10 ,0,Yes,unavailable,,unavailable,,eu-central-1,101
M6G Large,m6g.large,8.0 GiB,8.0,2 vCPUs,2,AWS Graviton2 Processor,unknown,,EBS only,0,1,EBS,Up to 10 Gigabit,10 ,0,Yes,unavailable,,unavailable,,eu-central-1,101
M6G Eight Extra Large,m6g.8xlarge,128.0 GiB,128.0,32 vCPUs,32,AWS Graviton2 Processor,unknown,,EBS only,0,1,EBS,10 Gigabit,10,1,Yes,unavailable,,unavailable,,eu-central-1,101
M6G Quadruple Extra Large,m6g.4xlarge,64.0 GiB,64.0,16 vCPUs,16,AWS Graviton2 Processor,unknown,,EBS only,0,1,EBS,Up to 10 Gigabit,10 ,0,Yes,unavailable,,unavailable,,eu-central-1,101
M6G Double Extra Large,m6g.2xlarge,32.0 GiB,32.0,8 vCPUs,8,AWS Graviton2 Processor,unknown,,EBS only,0,1,EBS,Up to 10 Gigabit,10 ,0,Yes,unavailable,,unavailable,,eu-central-1,101
M6G 16xlarge,m6g.16xlarge,256.0 GiB,256.0,64 vCPUs,64,AWS Graviton2 Processor,unknown,,EBS only,0,1,EBS,25 Gigabit,25,1,Yes,unavailable,,unavailable,,eu-central-1,101
M6G 12xlarge,m6g.12xlarge,192.0 GiB,192.0,48 vCPUs,48,AWS Graviton2 Processor,unknown,,EBS only,0,1,EBS,12 Gigabit,12,1,Yes,unavailable,,unavailable,,eu-central-1,101
M5N Extra Large,m5n.xlarge,16.0 GiB,16.0,4 vCPUs,4,Intel Xeon Platinum 8259 (Cascade Lake),3.1 GHz,3.1,EBS only,0,1,EBS,Up to 25 Gigabit,25 ,0,Yes,$0.282000 hourly,0.282000 ,$0.178000 hourly,0.178000 ,eu-central-1,101
M5N Metal,m5n.metal,384.0 GiB,384.0,96 vCPUs,96,Intel Xeon Platinum 8259 (Cascade Lake),3.1 GHz,3.1,EBS only,0,1,EBS,100 Gigabit,100,1,Yes,unavailable,,unavailable,,eu-central-1,101
M5N Large,m5n.large,8.0 GiB,8.0,2 vCPUs,2,Intel Xeon Platinum 8259 (Cascade Lake),3.1 GHz,3.1,EBS only,0,1,EBS,Up to 25 Gigabit,25 ,0,Yes,$0.141000 hourly,0.141000 ,$0.089000 hourly,0.089000 ,eu-central-1,101
M5N Eight Extra Large,m5n.8xlarge,128.0 GiB,128.0,32 vCPUs,32,Intel Xeon Platinum 8259 (Cascade Lake),3.1 GHz,3.1,EBS only,0,1,EBS,25 Gigabit,25,1,Yes,$2.256000 hourly,2.256000 ,$1.421000 hourly,1.421000 ,eu-central-1,101
M5N Quadruple Extra Large,m5n.4xlarge,64.0 GiB,64.0,16 vCPUs,16,Intel Xeon Platinum 8259 (Cascade Lake),3.1 GHz,3.1,EBS only,0,1,EBS,Up to 25 Gigabit,25 ,0,Yes,$1.128000 hourly,1.128000 ,$0.711000 hourly,0.711000 ,eu-central-1,101
M5N Double Extra Large,m5n.2xlarge,32.0 GiB,32.0,8 vCPUs,8,Intel Xeon Platinum 8259 (Cascade Lake),3.1 GHz,3.1,EBS only,0,1,EBS,Up to 25 Gigabit,25 ,0,Yes,$0.564000 hourly,0.564000 ,$0.355000 hourly,0.355000 ,eu-central-1,101
M5N 24xlarge,m5n.24xlarge,384.0 GiB,384.0,96 vCPUs,96,Intel Xeon Platinum 8259 (Cascade Lake),3.1 GHz,3.1,EBS only,0,1,EBS,100 Gigabit,100,1,Yes,$6.768000 hourly,6.768000 ,$4.264000 hourly,4.264000 ,eu-central-1,101
M5N 16xlarge,m5n.16xlarge,256.0 GiB,256.0,64 vCPUs,64,Intel Xeon Platinum 8259 (Cascade Lake),3.1 GHz,3.1,EBS only,0,1,EBS,75 Gigabit,75,1,Yes,$4.512000 hourly,4.512000 ,$2.843000 hourly,2.843000 ,eu-central-1,101
M5N 12xlarge,m5n.12xlarge,192.0 GiB,192.0,48 vCPUs,48,Intel Xeon Platinum 8259 (Cascade Lake),3.1 GHz,3.1,EBS only,0,1,EBS,50 Gigabit,50,1,Yes,$3.384000 hourly,3.384000 ,$2.132000 hourly,2.132000 ,eu-central-1,101
M5DN Extra Large,m5dn.xlarge,16.0 GiB,16.0,4 vCPUs,4,Intel Xeon Platinum 8259 (Cascade Lake),3.1 GHz,3.1,150 GiB               NVMe SSD,150,1,NVMe,Up to 25 Gigabit,25 ,0,Yes,$0.324000 hourly,0.324000 ,$0.204000 hourly,0.204000 ,eu-central-1,101
M5DN Metal,m5dn.metal,384.0 GiB,384.0,96 vCPUs,96,Intel Xeon Platinum 8259 (Cascade Lake),3.1 GHz,3.1,EBS only,0,1,EBS,100 Gigabit,100,1,Yes,unavailable,,unavailable,,eu-central-1,101
M5DN Large,m5dn.large,8.0 GiB,8.0,2 vCPUs,2,Intel Xeon Platinum 8259 (Cascade Lake),3.1 GHz,3.1,75 GiB               NVMe SSD,75,1,NVMe,Up to 25 Gigabit,25 ,0,Yes,$0.162000 hourly,0.162000 ,$0.102000 hourly,0.102000 ,eu-central-1,101
M5DN Eight Extra Large,m5dn.8xlarge,128.0 GiB,128.0,32 vCPUs,32,Intel Xeon Platinum 8259 (Cascade Lake),3.1 GHz,3.1,1200 GiB               (2 * 600 GiB NVMe SSD),1200,2,NVMe,25 Gigabit,25,1,Yes,$2.592000 hourly,2.592000 ,$1.633000 hourly,1.633000 ,eu-central-1,101
M5DN Quadruple Extra Large,m5dn.4xlarge,64.0 GiB,64.0,16 vCPUs,16,Intel Xeon Platinum 8259 (Cascade Lake),3.1 GHz,3.1,600 GiB               (2 * 300 GiB NVMe SSD),600,2,NVMe,Up to 25 Gigabit,25 ,0,Yes,$1.296000 hourly,1.296000 ,$0.816000 hourly,0.816000 ,eu-central-1,101
M5DN Double Extra Large,m5dn.2xlarge,32.0 GiB,32.0,8 vCPUs,8,Intel Xeon Platinum 8259 (Cascade Lake),3.1 GHz,3.1,300 GiB               NVMe SSD,300,1,NVMe,Up to 25 Gigabit,25 ,0,Yes,$0.648000 hourly,0.648000 ,$0.408000 hourly,0.408000 ,eu-central-1,101
M5DN 24xlarge,m5dn.24xlarge,384.0 GiB,384.0,96 vCPUs,96,Intel Xeon Platinum 8259 (Cascade Lake),3.1 GHz,3.1,3600 GiB               (4 * 900 GiB NVMe SSD),3600,4,NVMe,100 Gigabit,100,1,Yes,$7.776000 hourly,7.776000 ,$4.899000 hourly,4.899000 ,eu-central-1,101
M5DN 16xlarge,m5dn.16xlarge,256.0 GiB,256.0,64 vCPUs,64,Intel Xeon Platinum 8259 (Cascade Lake),3.1 GHz,3.1,2400 GiB               (4 * 600 GiB NVMe SSD),2400,4,NVMe,75 Gigabit,75,1,Yes,$5.184000 hourly,5.184000 ,$3.266000 hourly,3.266000 ,eu-central-1,101
M5DN 12xlarge,m5dn.12xlarge,192.0 GiB,192.0,48 vCPUs,48,Intel Xeon Platinum 8259 (Cascade Lake),3.1 GHz,3.1,1800 GiB               (2 * 900 GiB NVMe SSD),1800,2,NVMe,50 Gigabit,50,1,Yes,$3.888000 hourly,3.888000 ,$2.449000 hourly,2.449000 ,eu-central-1,101
M5 General Purpose Extra Large,m5d.xlarge,16.0 GiB,16.0,4 vCPUs,4,Intel Xeon Platinum 8175 (Skylake),3.1 GHz,3.1,150 GiB               NVMe SSD,150,1,NVMe,Up to 10 Gigabit,10 ,0,Yes,$0.272000 hourly,0.272000 ,$0.171000 hourly,0.171000 ,eu-central-1,101
M5 General Purpose Metal,m5d.metal,384.0 GiB,384.0,96 vCPUs,96,Intel Xeon Platinum 8175 (Skylake),3.1 GHz,3.1,3600 GiB               (4 * 900 GiB NVMe SSD),3600,4,NVMe,25 Gigabit,25,1,Yes,$6.528000 hourly,6.528000 ,$4.113000 hourly,4.113000 ,eu-central-1,101
M5 General Purpose Large,m5d.large,8.0 GiB,8.0,2 vCPUs,2,Intel Xeon Platinum 8175 (Skylake),3.1 GHz,3.1,75 GiB               NVMe SSD,75,1,NVMe,Up to 10 Gigabit,10 ,0,Yes,$0.136000 hourly,0.136000 ,$0.086000 hourly,0.086000 ,eu-central-1,101
M5 General Purpose Eight Extra Large,m5d.8xlarge,128.0 GiB,128.0,32 vCPUs,32,Intel Xeon Platinum 8175 (Skylake),3.1 GHz,3.1,1200 GiB               (2 * 600 GiB NVMe SSD),1200,2,NVMe,10 Gigabit,10,1,Yes,$2.176000 hourly,2.176000 ,$1.371000 hourly,1.371000 ,eu-central-1,101
M5 General Purpose Quadruple Extra Large,m5d.4xlarge,64.0 GiB,64.0,16 vCPUs,16,Intel Xeon Platinum 8175 (Skylake),3.1 GHz,3.1,600 GiB               (2 * 300 GiB NVMe SSD),600,2,NVMe,Up to 10 Gigabit,10 ,0,Yes,$1.088000 hourly,1.088000 ,$0.685000 hourly,0.685000 ,eu-central-1,101
M5 General Purpose Double Extra Large,m5d.2xlarge,32.0 GiB,32.0,8 vCPUs,8,Intel Xeon Platinum 8175 (Skylake),3.1 GHz,3.1,300 GiB               NVMe SSD,300,1,NVMe,Up to 10 Gigabit,10 ,0,Yes,$0.544000 hourly,0.544000 ,$0.343000 hourly,0.343000 ,eu-central-1,101
M5 General Purpose 24xlarge,m5d.24xlarge,384.0 GiB,384.0,96 vCPUs,96,Intel Xeon Platinum 8175 (Skylake),3.1 GHz,3.1,3600 GiB               (4 * 900 GiB NVMe SSD),3600,4,NVMe,25 Gigabit,25,1,Yes,$6.528000 hourly,6.528000 ,$4.113000 hourly,4.113000 ,eu-central-1,101
M5 General Purpose 16xlarge,m5d.16xlarge,256.0 GiB,256.0,64 vCPUs,64,Intel Xeon Platinum 8175 (Skylake),3.1 GHz,3.1,2400 GiB               (4 * 600 GiB NVMe SSD),2400,4,NVMe,20 Gigabit,20,1,Yes,$4.352000 hourly,4.352000 ,$2.742000 hourly,2.742000 ,eu-central-1,101
M5 General Purpose 12xlarge,m5d.12xlarge,192.0 GiB,192.0,48 vCPUs,48,Intel Xeon Platinum 8175 (Skylake),3.1 GHz,3.1,1800 GiB               (2 * 900 GiB NVMe SSD),1800,2,NVMe,10 Gigabit,10,1,Yes,$3.264000 hourly,3.264000 ,$2.056000 hourly,2.056000 ,eu-central-1,101
M5AD Extra Large,m5ad.xlarge,16.0 GiB,16.0,4 vCPUs,4,AMD EPYC 7571,2.5 GHz,2.5,150 GiB               NVMe SSD,150,1,NVMe,Up to 10 Gigabit,10 ,0,Yes,$0.250000 hourly,0.250000 ,$0.158000 hourly,0.158000 ,eu-central-1,101
M5AD Large,m5ad.large,8.0 GiB,8.0,2 vCPUs,2,AMD EPYC 7571,2.5 GHz,2.5,75 GiB               NVMe SSD,75,1,NVMe,Up to 10 Gigabit,10 ,0,Yes,$0.125000 hourly,0.125000 ,$0.079000 hourly,0.079000 ,eu-central-1,101
M5AD Quadruple Extra Large,m5ad.4xlarge,64.0 GiB,64.0,16 vCPUs,16,AMD EPYC 7571,2.5 GHz,2.5,600 GiB               (2 * 300 GiB NVMe SSD),600,2,NVMe,Up to 10 Gigabit,10 ,0,Yes,$1.000000 hourly,1.000000 ,$0.630000 hourly,0.630000 ,eu-central-1,101
M5AD Double Extra Large,m5ad.2xlarge,32.0 GiB,32.0,8 vCPUs,8,AMD EPYC 7571,2.5 GHz,2.5,300 GiB               NVMe SSD,300,1,NVMe,Up to 10 Gigabit,10 ,0,Yes,$0.500000 hourly,0.500000 ,$0.315000 hourly,0.315000 ,eu-central-1,101
M5AD 24xlarge,m5ad.24xlarge,384.0 GiB,384.0,96 vCPUs,96,AMD EPYC 7571,2.5 GHz,2.5,3600 GiB               (4 * 900 GiB NVMe SSD),3600,4,NVMe,20 Gigabit,20,1,Yes,$6.000000 hourly,6.000000 ,$3.780000 hourly,3.780000 ,eu-central-1,101
M5AD 12xlarge,m5ad.12xlarge,192.0 GiB,192.0,48 vCPUs,48,AMD EPYC 7571,2.5 GHz,2.5,1800 GiB               (2 * 900 GiB NVMe SSD),1800,2,NVMe,10 Gigabit,10,1,Yes,$3.000000 hourly,3.000000 ,$1.890000 hourly,1.890000 ,eu-central-1,101
M5A Extra Large,m5a.xlarge,16.0 GiB,16.0,4 vCPUs,4,AMD EPYC 7571,2.5 GHz,2.5,EBS only,0,1,EBS,Up to 10 Gigabit,10 ,0,Yes,$0.208000 hourly,0.208000 ,$0.131000 hourly,0.131000 ,eu-central-1,101
M5A Large,m5a.large,8.0 GiB,8.0,2 vCPUs,2,AMD EPYC 7571,2.5 GHz,2.5,EBS only,0,1,EBS,Up to 10 Gigabit,10 ,0,Yes,$0.104000 hourly,0.104000 ,$0.066000 hourly,0.066000 ,eu-central-1,101
M5A Eight Extra Large,m5a.8xlarge,128.0 GiB,128.0,32 vCPUs,32,AMD EPYC 7571,2.5 GHz,2.5,EBS only,0,1,EBS,Up to 10 Gigabit,10 ,0,Yes,$1.664000 hourly,1.664000 ,$1.048000 hourly,1.048000 ,eu-central-1,101
M5A Quadruple Extra Large,m5a.4xlarge,64.0 GiB,64.0,16 vCPUs,16,AMD EPYC 7571,2.5 GHz,2.5,EBS only,0,1,EBS,Up to 10 Gigabit,10 ,0,Yes,$0.832000 hourly,0.832000 ,$0.524000 hourly,0.524000 ,eu-central-1,101
M5A Double Extra Large,m5a.2xlarge,32.0 GiB,32.0,8 vCPUs,8,AMD EPYC 7571,2.5 GHz,2.5,EBS only,0,1,EBS,Up to 10 Gigabit,10 ,0,Yes,$0.416000 hourly,0.416000 ,$0.262000 hourly,0.262000 ,eu-central-1,101
M5A 24xlarge,m5a.24xlarge,384.0 GiB,384.0,96 vCPUs,96,AMD EPYC 7571,2.5 GHz,2.5,EBS only,0,1,EBS,20 Gigabit,20,1,Yes,$4.992000 hourly,4.992000 ,$3.145000 hourly,3.145000 ,eu-central-1,101
M5A 16xlarge,m5a.16xlarge,256.0 GiB,256.0,64 vCPUs,64,AMD EPYC 7571,2.5 GHz,2.5,EBS only,0,1,EBS,12 Gigabit,12,1,Yes,$3.328000 hourly,3.328000 ,$2.097000 hourly,2.097000 ,eu-central-1,101
M5A 12xlarge,m5a.12xlarge,192.0 GiB,192.0,48 vCPUs,48,AMD EPYC 7571,2.5 GHz,2.5,EBS only,0,1,EBS,10 Gigabit,10,1,Yes,$2.496000 hourly,2.496000 ,$1.572000 hourly,1.572000 ,eu-central-1,101
M5 General Purpose Extra Large,m5.xlarge,16.0 GiB,16.0,4 vCPUs,4,Intel Xeon Platinum 8175 (Skylake),3.1 GHz,3.1,EBS only,0,1,EBS,Up to 10 Gigabit,10 ,0,Yes,$0.230000 hourly,0.230000 ,$0.145000 hourly,0.145000 ,eu-central-1,101
M5 General Purpose Metal,m5.metal,384.0 GiB,384.0,96 vCPUs,96,Intel Xeon Platinum 8175 (Skylake),3.1 GHz,3.1,EBS only,0,1,EBS,25 Gigabit,25,1,Yes,$5.520000 hourly,5.520000 ,$3.478000 hourly,3.478000 ,eu-central-1,101
M5 General Purpose Large,m5.large,8.0 GiB,8.0,2 vCPUs,2,Intel Xeon Platinum 8175 (Skylake),3.1 GHz,3.1,EBS only,0,1,EBS,Up to 10 Gigabit,10 ,0,Yes,$0.115000 hourly,0.115000 ,$0.072000 hourly,0.072000 ,eu-central-1,101
M5 General Purpose Eight Extra Large,m5.8xlarge,128.0 GiB,128.0,32 vCPUs,32,Intel Xeon Platinum 8175 (Skylake),3.1 GHz,3.1,EBS only,0,1,EBS,10 Gigabit,10,1,Yes,$1.840000 hourly,1.840000 ,$1.159000 hourly,1.159000 ,eu-central-1,101
M5 General Purpose Quadruple Extra Large,m5.4xlarge,64.0 GiB,64.0,16 vCPUs,16,Intel Xeon Platinum 8175 (Skylake),3.1 GHz,3.1,EBS only,0,1,EBS,Up to 10 Gigabit,10 ,0,Yes,$0.920000 hourly,0.920000 ,$0.580000 hourly,0.580000 ,eu-central-1,101
M5 General Purpose Double Extra Large,m5.2xlarge,32.0 GiB,32.0,8 vCPUs,8,Intel Xeon Platinum 8175 (Skylake),3.1 GHz,3.1,EBS only,0,1,EBS,Up to 10 Gigabit,10 ,0,Yes,$0.460000 hourly,0.460000 ,$0.290000 hourly,0.290000 ,eu-central-1,101
M5 General Purpose 24xlarge,m5.24xlarge,384.0 GiB,384.0,96 vCPUs,96,Intel Xeon Platinum 8175 (Skylake),3.1 GHz,3.1,EBS only,0,1,EBS,25 Gigabit,25,1,Yes,$5.520000 hourly,5.520000 ,$3.478000 hourly,3.478000 ,eu-central-1,101
M5 General Purpose 16xlarge,m5.16xlarge,256.0 GiB,256.0,64 vCPUs,64,Intel Xeon Platinum 8175 (Skylake),3.1 GHz,3.1,EBS only,0,1,EBS,20 Gigabit,20,1,Yes,$3.680000 hourly,3.680000 ,$2.318000 hourly,2.318000 ,eu-central-1,101
M5 General Purpose 12xlarge,m5.12xlarge,192.0 GiB,192.0,48 vCPUs,48,Intel Xeon Platinum 8175 (Skylake),3.1 GHz,3.1,EBS only,0,1,EBS,10 Gigabit,10,1,Yes,$2.760000 hourly,2.760000 ,$1.739000 hourly,1.739000 ,eu-central-1,101
M4 General Purpose Extra Large,m4.xlarge,16.0 GiB,16.0,4 vCPUs,4,Intel Xeon E5-2676 v3 (Haswell),2.4 GHz,2.4,EBS only,0,1,EBS,High,,1,Yes,$0.240000 hourly,0.240000 ,$0.163800 hourly,0.163800 ,eu-central-1,101
M4 General Purpose Large,m4.large,8.0 GiB,8.0,2 vCPUs,2,Intel Xeon E5-2676 v3 (Haswell),2.4 GHz,2.4,EBS only,0,1,EBS,Moderate,,1,Yes,$0.120000 hourly,0.120000 ,$0.081900 hourly,0.081900 ,eu-central-1,101
M4 General Purpose Quadruple Extra Large,m4.4xlarge,64.0 GiB,64.0,16 vCPUs,16,Intel Xeon E5-2676 v3 (Haswell),2.4 GHz,2.4,EBS only,0,1,EBS,High,,1,Yes,$0.960000 hourly,0.960000 ,$0.655200 hourly,0.655200 ,eu-central-1,101
M4 General Purpose Double Extra Large,m4.2xlarge,32.0 GiB,32.0,8 vCPUs,8,Intel Xeon E5-2676 v3 (Haswell),2.4 GHz,2.4,EBS only,0,1,EBS,High,,1,Yes,$0.480000 hourly,0.480000 ,$0.327600 hourly,0.327600 ,eu-central-1,101
M4 General Purpose 16xlarge,m4.16xlarge,256.0 GiB,256.0,64 vCPUs,64,Intel Xeon E5-2686 v4 (Broadwell),2.4 GHz,2.4,EBS only,0,1,EBS,25 Gigabit,25,1,Yes,$3.840000 hourly,3.840000 ,$2.620800 hourly,2.620800 ,eu-central-1,101
M4 General Purpose Deca Extra Large,m4.10xlarge,160.0 GiB,160.0,40 vCPUs,40,Intel Xeon E5-2676 v3 (Haswell),2.4 GHz,2.4,EBS only,0,1,EBS,10 Gigabit,10,1,Yes,$2.400000 hourly,2.400000 ,$1.638000 hourly,1.638000 ,eu-central-1,101
M3 General Purpose Extra Large,m3.xlarge,15.0 GiB,15.0,4 vCPUs,4,Intel Xeon E5-2670 v2 (Ivy Bridge/Sandy Bridge),2.5 GHz,2.5,80 GiB               (2 * 40 GiB SSD),80,2,SSD,High,,1,No,$0.315000 hourly,0.315000 ,$0.239000 hourly,0.239000 ,eu-central-1,101
M3 General Purpose Medium,m3.medium,3.75 GiB,3.75,1 vCPUs,1,Intel Xeon E5-2670 v2 (Ivy Bridge/Sandy Bridge),2.5 GHz,2.5,4 GiB               SSD,4,1,SSD,Moderate,,1,No,$0.079000 hourly,0.079000 ,$0.060000 hourly,0.060000 ,eu-central-1,101
M3 General Purpose Large,m3.large,7.5 GiB,7.5,2 vCPUs,2,Intel Xeon E5-2670 v2 (Ivy Bridge/Sandy Bridge),2.5 GHz,2.5,32 GiB               SSD,32,1,SSD,Moderate,,1,No,$0.158000 hourly,0.158000 ,$0.120000 hourly,0.120000 ,eu-central-1,101
M3 General Purpose Double Extra Large,m3.2xlarge,30.0 GiB,30.0,8 vCPUs,8,Intel Xeon E5-2670 v2 (Ivy Bridge/Sandy Bridge),2.5 GHz,2.5,160 GiB               (2 * 80 GiB SSD),160,2,SSD,High,,1,No,$0.632000 hourly,0.632000 ,$0.479000 hourly,0.479000 ,eu-central-1,101
M2 High Memory Extra Large,m2.xlarge,17.1 GiB,17.1,2 vCPUs,2,Intel Xeon Family,unknown,,420 GiB               HDD,420,1,HDD,Moderate,,1,No,unavailable,,unavailable,,eu-central-1,101
M2 High Memory Quadruple Extra Large,m2.4xlarge,68.4 GiB,68.4,8 vCPUs,8,Intel Xeon Family,unknown,,1680 GiB               (2 * 840 GiB HDD),1680,2,HDD,High,,1,No,unavailable,,unavailable,,eu-central-1,101
M2 High Memory Double Extra Large,m2.2xlarge,34.2 GiB,34.2,4 vCPUs,4,Intel Xeon Family,unknown,,850 GiB               HDD,850,1,HDD,Moderate,,1,No,unavailable,,unavailable,,eu-central-1,101
M1 General Purpose Extra Large,m1.xlarge,15.0 GiB,15.0,4 vCPUs,4,Intel Xeon Family,unknown,,1680 GiB               (4 * 420 GiB HDD),1680,4,HDD,High,,1,No,unavailable,,unavailable,,eu-central-1,101
M1 General Purpose Small,m1.small,1.7 GiB,1.7,1 vCPUs,1,Intel Xeon Family,unknown,,160 GiB               HDD               + 900MB swap,160,1,HDD,Low,,1,No,unavailable,,unavailable,,eu-central-1,101
M1 General Purpose Medium,m1.medium,3.75 GiB,3.75,1 vCPUs,1,Intel Xeon Family,unknown,,410 GiB               HDD,410,1,HDD,Moderate,,1,No,unavailable,,unavailable,,eu-central-1,101
M1 General Purpose Large,m1.large,7.5 GiB,7.5,2 vCPUs,2,Intel Xeon Family,unknown,,840 GiB               (2 * 420 GiB HDD),840,2,HDD,Moderate,,1,No,unavailable,,unavailable,,eu-central-1,101
INF1 Extra Large,inf1.xlarge,8.0 GiB,8.0,4 vCPUs,4,Intel Xeon Platinum 8275CL (Cascade Lake),unknown,,EBS only,0,1,EBS,Up to 25 Gigabit,25 ,0,Yes,unavailable,,unavailable,,eu-central-1,101
INF1 6xlarge,inf1.6xlarge,48.0 GiB,48.0,24 vCPUs,24,Intel Xeon Platinum 8275CL (Cascade Lake),unknown,,EBS only,0,1,EBS,25 Gigabit,25,1,Yes,unavailable,,unavailable,,eu-central-1,101
INF1 Double Extra Large,inf1.2xlarge,16.0 GiB,16.0,8 vCPUs,8,Intel Xeon Platinum 8275CL (Cascade Lake),unknown,,EBS only,0,1,EBS,Up to 25 Gigabit,25 ,0,Yes,unavailable,,unavailable,,eu-central-1,101
INF1 24xlarge,inf1.24xlarge,192.0 GiB,192.0,96 vCPUs,96,Intel Xeon Platinum 8275CL (Cascade Lake),unknown,,EBS only,0,1,EBS,100 Gigabit,100,1,Yes,unavailable,,unavailable,,eu-central-1,101
I3EN Extra Large,i3en.xlarge,32.0 GiB,32.0,4 vCPUs,4,Intel Xeon Platinum 8175 (Skylake),3.1 GHz,3.1,2500 GiB               NVMe SSD,2500,1,NVMe,Up to 25 Gigabit,25 ,0,Yes,$0.540000 hourly,0.540000 ,$0.369000 hourly,0.369000 ,eu-central-1,101
I3EN Metal,i3en.metal,768.0 GiB,768.0,96 vCPUs,96,Intel Xeon Platinum 8175 (Skylake),3.1 GHz,3.1,60000 GiB               (8 * 7500 GiB NVMe SSD),60000,8,NVMe,100 Gigabit,100,1,Yes,$12.960000 hourly,12.960000 ,$8.848000 hourly,8.848000 ,eu-central-1,101
I3EN Large,i3en.large,16.0 GiB,16.0,2 vCPUs,2,Intel Xeon Platinum 8175 (Skylake),3.1 GHz,3.1,1250 GiB               NVMe SSD,1250,1,NVMe,Up to 25 Gigabit,25 ,0,Yes,$0.270000 hourly,0.270000 ,$0.184000 hourly,0.184000 ,eu-central-1,101
I3EN 6xlarge,i3en.6xlarge,192.0 GiB,192.0,24 vCPUs,24,Intel Xeon Platinum 8175 (Skylake),3.1 GHz,3.1,15000 GiB               (2 * 7500 GiB NVMe SSD),15000,2,NVMe,25 Gigabit,25,1,Yes,$3.240000 hourly,3.240000 ,$2.212000 hourly,2.212000 ,eu-central-1,101
I3EN 3xlarge,i3en.3xlarge,96.0 GiB,96.0,12 vCPUs,12,Intel Xeon Platinum 8175 (Skylake),3.1 GHz,3.1,7500 GiB               NVMe SSD,7500,1,NVMe,Up to 25 Gigabit,25 ,0,Yes,$1.620000 hourly,1.620000 ,$1.106000 hourly,1.106000 ,eu-central-1,101
I3EN Double Extra Large,i3en.2xlarge,64.0 GiB,64.0,8 vCPUs,8,Intel Xeon Platinum 8175 (Skylake),3.1 GHz,3.1,5000 GiB               (2 * 2500 GiB NVMe SSD),5000,2,NVMe,Up to 25 Gigabit,25 ,0,Yes,$1.080000 hourly,1.080000 ,$0.737000 hourly,0.737000 ,eu-central-1,101
I3EN 24xlarge,i3en.24xlarge,768.0 GiB,768.0,96 vCPUs,96,Intel Xeon Platinum 8175 (Skylake),3.1 GHz,3.1,60000 GiB               (8 * 7500 GiB NVMe SSD),60000,8,NVMe,100 Gigabit,100,1,Yes,$12.960000 hourly,12.960000 ,$8.848000 hourly,8.848000 ,eu-central-1,101
I3EN 12xlarge,i3en.12xlarge,384.0 GiB,384.0,48 vCPUs,48,Intel Xeon Platinum 8175 (Skylake),3.1 GHz,3.1,30000 GiB               (4 * 7500 GiB NVMe SSD),30000,4,NVMe,50 Gigabit,50,1,Yes,$6.480000 hourly,6.480000 ,$4.424000 hourly,4.424000 ,eu-central-1,101
I3 High I/O Extra Large,i3.xlarge,30.5 GiB,30.5,4 vCPUs,4,Intel Xeon E5-2686 v4 (Broadwell),2.3 GHz,2.3,950 GiB               NVMe SSD,950,1,NVMe,Up to 10 Gigabit,10 ,0,Yes,$0.372000 hourly,0.372000 ,$0.252000 hourly,0.252000 ,eu-central-1,101
I3 High I/O Metal,i3.metal,512.0 GiB,512.0,64 vCPUs,64,Intel Xeon E5-2686 v4 (Broadwell),2.3 GHz,2.3,15200 GiB               (8 * 1900 GiB NVMe SSD),15200,8,NVMe,25 Gigabit,25,1,Yes,$5.952000 hourly,5.952000 ,$4.032000 hourly,4.032000 ,eu-central-1,101
I3 High I/O Large,i3.large,15.25 GiB,15.25,2 vCPUs,2,Intel Xeon E5-2686 v4 (Broadwell),2.3 GHz,2.3,475 GiB               NVMe SSD,475,1,NVMe,Up to 10 Gigabit,10 ,0,Yes,$0.186000 hourly,0.186000 ,$0.126000 hourly,0.126000 ,eu-central-1,101
I3 High I/O Eight Extra Large,i3.8xlarge,244.0 GiB,244.0,32 vCPUs,32,Intel Xeon E5-2686 v4 (Broadwell),2.3 GHz,2.3,7600 GiB               (4 * 1900 GiB NVMe SSD),7600,4,NVMe,10 Gigabit,10,1,Yes,$2.976000 hourly,2.976000 ,$2.016000 hourly,2.016000 ,eu-central-1,101
I3 High I/O Quadruple Extra Large,i3.4xlarge,122.0 GiB,122.0,16 vCPUs,16,Intel Xeon E5-2686 v4 (Broadwell),2.3 GHz,2.3,3800 GiB               (2 * 1900 GiB NVMe SSD),3800,2,NVMe,Up to 10 Gigabit,10 ,0,Yes,$1.488000 hourly,1.488000 ,$1.008000 hourly,1.008000 ,eu-central-1,101
I3 High I/O Double Extra Large,i3.2xlarge,61.0 GiB,61.0,8 vCPUs,8,Intel Xeon E5-2686 v4 (Broadwell),2.3 GHz,2.3,1900 GiB               NVMe SSD,1900,1,NVMe,Up to 10 Gigabit,10 ,0,Yes,$0.744000 hourly,0.744000 ,$0.504000 hourly,0.504000 ,eu-central-1,101
I3 High I/O 16xlarge,i3.16xlarge,488.0 GiB,488.0,64 vCPUs,64,Intel Xeon E5-2686 v4 (Broadwell),2.3 GHz,2.3,15200 GiB               (8 * 1900 GiB NVMe SSD),15200,8,NVMe,25 Gigabit,25,1,Yes,$5.952000 hourly,5.952000 ,$4.032000 hourly,4.032000 ,eu-central-1,101
I2 Extra Large,i2.xlarge,30.5 GiB,30.5,4 vCPUs,4,Intel Xeon E5-2670 v2 (Ivy Bridge),2.5 GHz,2.5,800 GiB               SSD,800,1,SSD,Moderate,,1,No,$1.013000 hourly,1.013000 ,$0.556000 hourly,0.556000 ,eu-central-1,101
I2 Eight Extra Large,i2.8xlarge,244.0 GiB,244.0,32 vCPUs,32,Intel Xeon E5-2670 v2 (Ivy Bridge),2.5 GHz,2.5,6400 GiB               (8 * 800 GiB SSD),6400,8,SSD,10 Gigabit,10,1,No,$8.102000 hourly,8.102000 ,$4.448000 hourly,4.448000 ,eu-central-1,101
I2 Quadruple Extra Large,i2.4xlarge,122.0 GiB,122.0,16 vCPUs,16,Intel Xeon E5-2670 v2 (Ivy Bridge),2.5 GHz,2.5,3200 GiB               (4 * 800 GiB SSD),3200,4,SSD,High,,1,No,$4.051000 hourly,4.051000 ,$2.224000 hourly,2.224000 ,eu-central-1,101
I2 Double Extra Large,i2.2xlarge,61.0 GiB,61.0,8 vCPUs,8,Intel Xeon E5-2670 v2 (Ivy Bridge),2.5 GHz,2.5,1600 GiB               (2 * 800 GiB SSD),1600,2,SSD,High,,1,No,$2.026000 hourly,2.026000 ,$1.112000 hourly,1.112000 ,eu-central-1,101
High Storage Eight Extra Large,hs1.8xlarge,117.0 GiB,117.0,16 vCPUs,16,Intel Xeon E5-2650,2.0 GHz,2.0,48000 GiB               (24 * 2000 GiB HDD),48000,24,HDD,10 Gigabit,10,1,No,unavailable,,unavailable,,eu-central-1,101
H1 Eight Extra Large,h1.8xlarge,128.0 GiB,128.0,32 vCPUs,32,Intel Xeon E5-2686 v4 (Broadwell),2.3 GHz,2.3,8000 GiB               (4 * 2000 GiB HDD),8000,4,HDD,10 Gigabit,10,1,Yes,unavailable,,unavailable,,eu-central-1,101
H1 Quadruple Extra Large,h1.4xlarge,64.0 GiB,64.0,16 vCPUs,16,Intel Xeon E5-2686 v4 (Broadwell),2.3 GHz,2.3,4000 GiB               (2 * 2000 GiB HDD),4000,2,HDD,Up to 10 Gigabit,10 ,0,Yes,unavailable,,unavailable,,eu-central-1,101
H1 Double Extra Large,h1.2xlarge,32.0 GiB,32.0,8 vCPUs,8,Intel Xeon E5-2686 v4 (Broadwell),2.3 GHz,2.3,2000 GiB               HDD,2000,1,HDD,Up to 10 Gigabit,10 ,0,Yes,unavailable,,unavailable,,eu-central-1,101
H1 16xlarge,h1.16xlarge,256.0 GiB,256.0,64 vCPUs,64,Intel Xeon E5-2686 v4 (Broadwell),2.3 GHz,2.3,16000 GiB               (8 * 2000 GiB HDD),16000,8,HDD,25 Gigabit,25,1,Yes,unavailable,,unavailable,,eu-central-1,101
G4DN Extra Large,g4dn.xlarge,16.0 GiB,16.0,4 vCPUs,4,Intel Xeon Family,2.5 GHz,2.5,125 GiB               NVMe SSD,125,1,NVMe,Up to 25 Gigabit,25 ,0,Yes,$0.658000 hourly,0.658000 ,$0.449000 hourly,0.449000 ,eu-central-1,101
G4DN Metal,g4dn.metal,384.0 GiB,384.0,96 vCPUs,96,Intel Xeon Family,2.5 GHz,2.5,EBS only,0,1,EBS,100 Gigabit,100,1,Yes,unavailable,,unavailable,,eu-central-1,101
G4DN Eight Extra Large,g4dn.8xlarge,128.0 GiB,128.0,32 vCPUs,32,Intel Xeon Family,2.5 GHz,2.5,900 GiB               NVMe SSD,900,1,NVMe,50 Gigabit,50,1,Yes,$2.720000 hourly,2.720000 ,$1.856000 hourly,1.856000 ,eu-central-1,101
G4DN Quadruple Extra Large,g4dn.4xlarge,64.0 GiB,64.0,16 vCPUs,16,Intel Xeon Family,2.5 GHz,2.5,225 GiB               NVMe SSD,225,1,NVMe,Up to 25 Gigabit,25 ,0,Yes,$1.505000 hourly,1.505000 ,$1.027000 hourly,1.027000 ,eu-central-1,101
G4DN Double Extra Large,g4dn.2xlarge,32.0 GiB,32.0,8 vCPUs,8,Intel Xeon Family,2.5 GHz,2.5,225 GiB               NVMe SSD,225,1,NVMe,Up to 25 Gigabit,25 ,0,Yes,$0.940000 hourly,0.940000 ,$0.642000 hourly,0.642000 ,eu-central-1,101
G4DN 16xlarge,g4dn.16xlarge,256.0 GiB,256.0,64 vCPUs,64,Intel Xeon Family,2.5 GHz,2.5,900 GiB               NVMe SSD,900,1,NVMe,50 Gigabit,50,1,Yes,$5.440000 hourly,5.440000 ,$3.713000 hourly,3.713000 ,eu-central-1,101
G4DN 12xlarge,g4dn.12xlarge,192.0 GiB,192.0,48 vCPUs,48,Intel Xeon Family,2.5 GHz,2.5,900 GiB               NVMe SSD,900,1,NVMe,50 Gigabit,50,1,Yes,$4.890000 hourly,4.890000 ,$3.337000 hourly,3.337000 ,eu-central-1,101
G3S Extra Large,g3s.xlarge,30.5 GiB,30.5,4 vCPUs,4,Intel Xeon E5-2686 v4 (Broadwell),2.3 GHz,2.3,EBS only,0,1,EBS,Up to 10 Gigabit,10 ,0,Yes,$0.938000 hourly,0.938000 ,$0.735000 hourly,0.735000 ,eu-central-1,101
G3 Eight Extra Large,g3.8xlarge,244.0 GiB,244.0,32 vCPUs,32,Intel Xeon E5-2686 v4 (Broadwell),2.3 GHz,2.3,EBS only,0,1,EBS,10 Gigabit,10,1,Yes,$2.850000 hourly,2.850000 ,$2.074700 hourly,2.074700 ,eu-central-1,101
G3 Quadruple Extra Large,g3.4xlarge,122.0 GiB,122.0,16 vCPUs,16,Intel Xeon E5-2686 v4 (Broadwell),2.3 GHz,2.3,EBS only,0,1,EBS,Up to 10 Gigabit,10 ,0,Yes,$1.425000 hourly,1.425000 ,$1.037400 hourly,1.037400 ,eu-central-1,101
G3 16xlarge,g3.16xlarge,488.0 GiB,488.0,64 vCPUs,64,Intel Xeon E5-2686 v4 (Broadwell),2.3 GHz,2.3,EBS only,0,1,EBS,25 Gigabit,25,1,Yes,$5.700000 hourly,5.700000 ,$4.149400 hourly,4.149400 ,eu-central-1,101
G2 Eight Extra Large,g2.8xlarge,60.0 GiB,60.0,32 vCPUs,32,Intel Xeon E5-2670 (Sandy Bridge),2.6 GHz,2.6,240 GiB               (2 * 120 GiB SSD),240,2,SSD,High,,1,No,$3.088000 hourly,3.088000 ,$2.260000 hourly,2.260000 ,eu-central-1,101
G2 Double Extra Large,g2.2xlarge,15.0 GiB,15.0,8 vCPUs,8,Intel Xeon E5-2670 (Sandy Bridge),2.6 GHz,2.6,60 GiB               SSD,60,1,SSD,Moderate,,1,No,$0.772000 hourly,0.772000 ,$0.565000 hourly,0.565000 ,eu-central-1,101
F1 Quadruple Extra Large,f1.4xlarge,244.0 GiB,244.0,16 vCPUs,16,Intel Xeon E5-2686 v4 (Broadwell),2.3 GHz,2.3,940 GiB               NVMe SSD,940,1,NVMe,Up to 10 Gigabit,10 ,0,Yes,unavailable,,unavailable,,eu-central-1,101
F1 Double Extra Large,f1.2xlarge,122.0 GiB,122.0,8 vCPUs,8,Intel Xeon E5-2686 v4 (Broadwell),2.3 GHz,2.3,470 GiB               NVMe SSD,470,1,NVMe,Up to 10 Gigabit,10 ,0,Yes,unavailable,,unavailable,,eu-central-1,101
F1 16xlarge,f1.16xlarge,976.0 GiB,976.0,64 vCPUs,64,Intel Xeon E5-2686 v4 (Broadwell),2.3 GHz,2.3,3760 GiB               (4 * 940 GiB NVMe SSD),3760,4,NVMe,25 Gigabit,25,1,Yes,unavailable,,unavailable,,eu-central-1,101
D2 Extra Large,d2.xlarge,30.5 GiB,30.5,4 vCPUs,4,Intel Xeon E5-2676 v3 (Haswell),2.4 GHz,2.4,6000 GiB               (3 * 2000 GiB HDD),6000,3,HDD,Moderate,,1,No,$0.794000 hourly,0.794000 ,$0.482000 hourly,0.482000 ,eu-central-1,101
D2 Eight Extra Large,d2.8xlarge,244.0 GiB,244.0,36 vCPUs,36,Intel Xeon E5-2676 v3 (Haswell),2.4 GHz,2.4,48000 GiB               (24 * 2000 GiB HDD),48000,24,HDD,10 Gigabit,10,1,No,$6.352000 hourly,6.352000 ,$3.856000 hourly,3.856000 ,eu-central-1,101
D2 Quadruple Extra Large,d2.4xlarge,122.0 GiB,122.0,16 vCPUs,16,Intel Xeon E5-2676 v3 (Haswell),2.4 GHz,2.4,24000 GiB               (12 * 2000 GiB HDD),24000,12,HDD,High,,1,No,$3.176000 hourly,3.176000 ,$1.928000 hourly,1.928000 ,eu-central-1,101
D2 Double Extra Large,d2.2xlarge,61.0 GiB,61.0,8 vCPUs,8,Intel Xeon E5-2676 v3 (Haswell),2.4 GHz,2.4,12000 GiB               (6 * 2000 GiB HDD),12000,6,HDD,High,,1,No,$1.588000 hourly,1.588000 ,$0.964000 hourly,0.964000 ,eu-central-1,101
High Memory Cluster Eight Extra Large,cr1.8xlarge,244.0 GiB,244.0,32 vCPUs,32,Intel Xeon E5-2670,unknown,,240 GiB               (2 * 120 GiB SSD),240,2,SSD,10 Gigabit,10,1,No,unavailable,,unavailable,,eu-central-1,101
Cluster Compute Eight Extra Large,cc2.8xlarge,60.5 GiB,60.5,32 vCPUs,32,Intel Xeon E5-2670,2.6 GHz,2.6,3360 GiB               (4 * 840 GiB HDD),3360,4,HDD,10 Gigabit,10,1,No,unavailable,,unavailable,,eu-central-1,101
C5N Extra Large,c5n.xlarge,10.5 GiB,10.5,4 vCPUs,4,Intel Xeon Platinum 8124M,3 GHz,3,EBS only,0,1,EBS,Up to 25 Gigabit,25 ,0,Yes,$0.246000 hourly,0.246000 ,$0.155000 hourly,0.155000 ,eu-central-1,101
C5N Metal,c5n.metal,192.0 GiB,192.0,72 vCPUs,72,Intel Xeon Platinum 8124M,3 GHz,3,EBS only,0,1,EBS,100 Gigabit,100,1,Yes,$4.428000 hourly,4.428000 ,$2.790000 hourly,2.790000 ,eu-central-1,101
C5N Large,c5n.large,5.25 GiB,5.25,2 vCPUs,2,Intel Xeon Platinum 8124M,3 GHz,3,EBS only,0,1,EBS,Up to 25 Gigabit,25 ,0,Yes,$0.123000 hourly,0.123000 ,$0.077000 hourly,0.077000 ,eu-central-1,101
C5N 9xlarge,c5n.9xlarge,96.0 GiB,96.0,36 vCPUs,36,Intel Xeon Platinum 8124M,3 GHz,3,EBS only,0,1,EBS,50 Gigabit,50,1,Yes,$2.214000 hourly,2.214000 ,$1.395000 hourly,1.395000 ,eu-central-1,101
C5N Quadruple Extra Large,c5n.4xlarge,42.0 GiB,42.0,16 vCPUs,16,Intel Xeon Platinum 8124M,3 GHz,3,EBS only,0,1,EBS,Up to 25 Gigabit,25 ,0,Yes,$0.984000 hourly,0.984000 ,$0.620000 hourly,0.620000 ,eu-central-1,101
C5N Double Extra Large,c5n.2xlarge,21.0 GiB,21.0,8 vCPUs,8,Intel Xeon Platinum 8124M,3 GHz,3,EBS only,0,1,EBS,Up to 25 Gigabit,25 ,0,Yes,$0.492000 hourly,0.492000 ,$0.310000 hourly,0.310000 ,eu-central-1,101
C5N 18xlarge,c5n.18xlarge,192.0 GiB,192.0,72 vCPUs,72,Intel Xeon Platinum 8124M,3 GHz,3,EBS only,0,1,EBS,100 Gigabit,100,1,Yes,$4.428000 hourly,4.428000 ,$2.790000 hourly,2.790000 ,eu-central-1,101
C5 High-CPU Extra Large,c5d.xlarge,8.0 GiB,8.0,4 vCPUs,4,Intel Xeon Platinum 8124M,3 GHz,3,100 GiB               NVMe SSD,100,1,NVMe,Up to 10 Gigabit,10 ,0,Yes,$0.222000 hourly,0.222000 ,$0.140000 hourly,0.140000 ,eu-central-1,101
C5 High-CPU Metal,c5d.metal,192.0 GiB,192.0,96 vCPUs,96,Intel Xeon Platinum 8275L,3 GHz,3,3600 GiB               (4 * 900 GiB NVMe SSD),3600,4,NVMe,25 Gigabit,25,1,Yes,$5.328000 hourly,5.328000 ,$3.357000 hourly,3.357000 ,eu-central-1,101
C5 High-CPU Large,c5d.large,4.0 GiB,4.0,2 vCPUs,2,Intel Xeon Platinum 8124M,3 GHz,3,50 GiB               NVMe SSD,50,1,NVMe,Up to 10 Gigabit,10 ,0,Yes,$0.111000 hourly,0.111000 ,$0.070000 hourly,0.070000 ,eu-central-1,101
C5 High-CPU 9xlarge,c5d.9xlarge,72.0 GiB,72.0,36 vCPUs,36,Intel Xeon Platinum 8124M,3 GHz,3,900 GiB               NVMe SSD,900,1,NVMe,10 Gigabit,10,1,Yes,$1.998000 hourly,1.998000 ,$1.259000 hourly,1.259000 ,eu-central-1,101
C5 High-CPU Quadruple Extra Large,c5d.4xlarge,32.0 GiB,32.0,16 vCPUs,16,Intel Xeon Platinum 8124M,3 GHz,3,400 GiB               NVMe SSD,400,1,NVMe,Up to 10 Gigabit,10 ,0,Yes,$0.888000 hourly,0.888000 ,$0.559000 hourly,0.559000 ,eu-central-1,101
C5 High-CPU Double Extra Large,c5d.2xlarge,16.0 GiB,16.0,8 vCPUs,8,Intel Xeon Platinum 8124M,3 GHz,3,200 GiB               NVMe SSD,200,1,NVMe,Up to 10 Gigabit,10 ,0,Yes,$0.444000 hourly,0.444000 ,$0.280000 hourly,0.280000 ,eu-central-1,101
C5 High-CPU 24xlarge,c5d.24xlarge,192.0 GiB,192.0,96 vCPUs,96,Intel Xeon Platinum 8275L,3 GHz,3,3600 GiB               (4 * 900 GiB NVMe SSD),3600,4,NVMe,25 Gigabit,25,1,Yes,$5.328000 hourly,5.328000 ,$3.357000 hourly,3.357000 ,eu-central-1,101
C5 High-CPU 18xlarge,c5d.18xlarge,144.0 GiB,144.0,72 vCPUs,72,Intel Xeon Platinum 8124M,3 GHz,3,1800 GiB               (2 * 900 GiB NVMe SSD),1800,2,NVMe,25 Gigabit,25,1,Yes,$3.996000 hourly,3.996000 ,$2.517000 hourly,2.517000 ,eu-central-1,101
C5 High-CPU 12xlarge,c5d.12xlarge,96.0 GiB,96.0,48 vCPUs,48,Intel Xeon Platinum 8275L,3 GHz,3,1800 GiB               (2 * 900 GiB NVMe SSD),1800,2,NVMe,12 Gigabit,12,1,Yes,$2.664000 hourly,2.664000 ,$1.678000 hourly,1.678000 ,eu-central-1,101
C5 High-CPU Extra Large,c5.xlarge,8.0 GiB,8.0,4 vCPUs,4,Intel Xeon Platinum 8124M,3 GHz,3,EBS only,0,1,EBS,Up to 10 Gigabit,10 ,0,Yes,$0.194000 hourly,0.194000 ,$0.122000 hourly,0.122000 ,eu-central-1,101
C5 High-CPU Metal,c5.metal,192.0 GiB,192.0,96 vCPUs,96,Intel Xeon Platinum 8275L,3 GHz,3,EBS only,0,1,EBS,25 Gigabit,25,1,Yes,$4.656000 hourly,4.656000 ,$2.933000 hourly,2.933000 ,eu-central-1,101
C5 High-CPU Large,c5.large,4.0 GiB,4.0,2 vCPUs,2,Intel Xeon Platinum 8124M,3 GHz,3,EBS only,0,1,EBS,Up to 10 Gigabit,10 ,0,Yes,$0.097000 hourly,0.097000 ,$0.061000 hourly,0.061000 ,eu-central-1,101
C5 High-CPU 9xlarge,c5.9xlarge,72.0 GiB,72.0,36 vCPUs,36,Intel Xeon Platinum 8124M,3 GHz,3,EBS only,0,1,EBS,10 Gigabit,10,1,Yes,$1.746000 hourly,1.746000 ,$1.100000 hourly,1.100000 ,eu-central-1,101
C5 High-CPU Quadruple Extra Large,c5.4xlarge,32.0 GiB,32.0,16 vCPUs,16,Intel Xeon Platinum 8124M,3 GHz,3,EBS only,0,1,EBS,Up to 10 Gigabit,10 ,0,Yes,$0.776000 hourly,0.776000 ,$0.489000 hourly,0.489000 ,eu-central-1,101
C5 High-CPU Double Extra Large,c5.2xlarge,16.0 GiB,16.0,8 vCPUs,8,Intel Xeon Platinum 8124M,3 GHz,3,EBS only,0,1,EBS,Up to 10 Gigabit,10 ,0,Yes,$0.388000 hourly,0.388000 ,$0.244000 hourly,0.244000 ,eu-central-1,101
C5 High-CPU 24xlarge,c5.24xlarge,192.0 GiB,192.0,96 vCPUs,96,Intel Xeon Platinum 8275L,3 GHz,3,EBS only,0,1,EBS,25 Gigabit,25,1,Yes,$4.656000 hourly,4.656000 ,$2.933000 hourly,2.933000 ,eu-central-1,101
C5 High-CPU 18xlarge,c5.18xlarge,144.0 GiB,144.0,72 vCPUs,72,Intel Xeon Platinum 8124M,3 GHz,3,EBS only,0,1,EBS,25 Gigabit,25,1,Yes,$3.492000 hourly,3.492000 ,$2.200000 hourly,2.200000 ,eu-central-1,101
C5 High-CPU 12xlarge,c5.12xlarge,96.0 GiB,96.0,48 vCPUs,48,Intel Xeon Platinum 8275L,3 GHz,3,EBS only,0,1,EBS,12 Gigabit,12,1,Yes,$2.328000 hourly,2.328000 ,$1.467000 hourly,1.467000 ,eu-central-1,101
C4 High-CPU Extra Large,c4.xlarge,7.5 GiB,7.5,4 vCPUs,4,Intel Xeon E5-2666 v3 (Haswell),2.9 GHz,2.9,EBS only,0,1,EBS,High,,1,Yes,$0.227000 hourly,0.227000 ,$0.158000 hourly,0.158000 ,eu-central-1,101
C4 High-CPU Large,c4.large,3.75 GiB,3.75,2 vCPUs,2,Intel Xeon E5-2666 v3 (Haswell),2.9 GHz,2.9,EBS only,0,1,EBS,Moderate,,1,Yes,$0.114000 hourly,0.114000 ,$0.079000 hourly,0.079000 ,eu-central-1,101
C4 High-CPU Eight Extra Large,c4.8xlarge,60.0 GiB,60.0,36 vCPUs,36,Intel Xeon E5-2666 v3 (Haswell),2.9 GHz,2.9,EBS only,0,1,EBS,10 Gigabit,10,1,Yes,$1.817000 hourly,1.817000 ,$1.260000 hourly,1.260000 ,eu-central-1,101
C4 High-CPU Quadruple Extra Large,c4.4xlarge,30.0 GiB,30.0,16 vCPUs,16,Intel Xeon E5-2666 v3 (Haswell),2.9 GHz,2.9,EBS only,0,1,EBS,High,,1,Yes,$0.909000 hourly,0.909000 ,$0.630000 hourly,0.630000 ,eu-central-1,101
C4 High-CPU Double Extra Large,c4.2xlarge,15.0 GiB,15.0,8 vCPUs,8,Intel Xeon E5-2666 v3 (Haswell),2.9 GHz,2.9,EBS only,0,1,EBS,High,,1,Yes,$0.454000 hourly,0.454000 ,$0.315000 hourly,0.315000 ,eu-central-1,101
C3 High-CPU Extra Large,c3.xlarge,7.5 GiB,7.5,4 vCPUs,4,Intel Xeon E5-2680 v2 (Ivy Bridge),2.8 GHz,2.8,80 GiB               (2 * 40 GiB SSD),80,2,SSD,Moderate,,1,No,$0.258000 hourly,0.258000 ,$0.192000 hourly,0.192000 ,eu-central-1,101
C3 High-CPU Large,c3.large,3.75 GiB,3.75,2 vCPUs,2,Intel Xeon E5-2680 v2 (Ivy Bridge),2.8 GHz,2.8,32 GiB               (2 * 16 GiB SSD),32,2,SSD,Moderate,,1,No,$0.129000 hourly,0.129000 ,$0.096000 hourly,0.096000 ,eu-central-1,101
C3 High-CPU Eight Extra Large,c3.8xlarge,60.0 GiB,60.0,32 vCPUs,32,Intel Xeon E5-2680 v2 (Ivy Bridge),2.8 GHz,2.8,640 GiB               (2 * 320 GiB SSD),640,2,SSD,10 Gigabit,10,1,No,$2.064000 hourly,2.064000 ,$1.536000 hourly,1.536000 ,eu-central-1,101
C3 High-CPU Quadruple Extra Large,c3.4xlarge,30.0 GiB,30.0,16 vCPUs,16,Intel Xeon E5-2680 v2 (Ivy Bridge),2.8 GHz,2.8,320 GiB               (2 * 160 GiB SSD),320,2,SSD,High,,1,No,$1.032000 hourly,1.032000 ,$0.768000 hourly,0.768000 ,eu-central-1,101
C3 High-CPU Double Extra Large,c3.2xlarge,15.0 GiB,15.0,8 vCPUs,8,Intel Xeon E5-2680 v2 (Ivy Bridge),2.8 GHz,2.8,160 GiB               (2 * 80 GiB SSD),160,2,SSD,High,,1,No,$0.516000 hourly,0.516000 ,$0.384000 hourly,0.384000 ,eu-central-1,101
C1 High-CPU Extra Large,c1.xlarge,7.0 GiB,7.0,8 vCPUs,8,Intel Xeon Family,unknown,,1680 GiB               (4 * 420 GiB HDD),1680,4,HDD,High,,1,No,unavailable,,unavailable,,eu-central-1,101
C1 High-CPU Medium,c1.medium,1.7 GiB,1.7,2 vCPUs,2,Intel Xeon Family,unknown,,350 GiB               HDD               + 900MB swap,350,1,HDD,Moderate,,1,No,unavailable,,unavailable,,eu-central-1,101
A1 Extra Large,a1.xlarge,8.0 GiB,8.0,4 vCPUs,4,AWS Graviton Processor,2.3 GHz,2.3,EBS only,0,1,EBS,Up to 10 Gigabit,10 ,0,Yes,$0.116400 hourly,0.116400 ,$0.073300 hourly,0.073300 ,eu-central-1,101
A1 Metal,a1.metal,32.0 GiB,32.0,16 vCPUs,16,AWS Graviton Processor,2.3 GHz,2.3,EBS only,0,1,EBS,Up to 10 Gigabit,10 ,0,Yes,$0.466000 hourly,0.466000 ,$0.293000 hourly,0.293000 ,eu-central-1,101
A1 Medium,a1.medium,2.0 GiB,2.0,1 vCPUs,1,AWS Graviton Processor,2.3 GHz,2.3,EBS only,0,1,EBS,Up to 10 Gigabit,10 ,0,Yes,$0.029100 hourly,0.029100 ,$0.018300 hourly,0.018300 ,eu-central-1,101
A1 Large,a1.large,4.0 GiB,4.0,2 vCPUs,2,AWS Graviton Processor,2.3 GHz,2.3,EBS only,0,1,EBS,Up to 10 Gigabit,10 ,0,Yes,$0.058200 hourly,0.058200 ,$0.036700 hourly,0.036700 ,eu-central-1,101
A1 Quadruple Extra Large,a1.4xlarge,32.0 GiB,32.0,16 vCPUs,16,AWS Graviton Processor,2.3 GHz,2.3,EBS only,0,1,EBS,Up to 10 Gigabit,10 ,0,Yes,$0.465600 hourly,0.465600 ,$0.293300 hourly,0.293300 ,eu-central-1,101
A1 Double Extra Large,a1.2xlarge,16.0 GiB,16.0,8 vCPUs,8,AWS Graviton Processor,2.3 GHz,2.3,EBS only,0,1,EBS,Up to 10 Gigabit,10 ,0,Yes,$0.232800 hourly,0.232800 ,$0.146700 hourly,0.146700 ,eu-central-1,101
